customer_id,signup_date,country,age,device_preference
1,2023-06-17,France,56,mobile
2,2024-08-11,France,46,tablet
3,2022-06-04,Spain,32,tablet
4,2023-05-04,Germany,60,desktop
5,2022-07-30,Italy,25,desktop
6,2024-08-18,UK,38,tablet
7,2024-12-07,UK,56,tablet
8,2023-02-01,Italy,36,desktop
9,2022-09-22,Italy,40,desktop
10,2023-10-04,France,28,tablet
11,2022-12-19,Spain,28,mobile
12,2024-02-07,UK,41,desktop
13,2023-07-10,Italy,53,mobile
14,2022-06-22,UK,57,desktop
15,2023-05-26,Italy,41,tablet
16,2022-05-04,France,20,tablet
17,2024-05-21,Germany,39,tablet
18,2022-08-15,Italy,19,tablet
19,2024-03-01,Italy,41,desktop
20,2022-05-05,Germany,61,mobile
21,2024-02-02,Spain,47,desktop
22,2023-12-28,Germany,55,mobile
23,2024-01-15,France,19,tablet
24,2023-09-08,France,38,mobile
25,2023-07-22,Italy,50,desktop
26,2023-03-30,Germany,29,mobile
27,2022-01-09,UK,39,mobile
28,2023-04-30,Spain,61,tablet
29,2022-11-20,Italy,42,tablet
30,2024-07-04,UK,44,tablet
31,2023-05-22,Germany,59,mobile
32,2023-08-10,Italy,45,mobile
33,2022-01-19,Spain,33,mobile
34,2023-10-27,Germany,32,mobile
35,2024-07-14,Spain,64,desktop
36,2024-02-22,Spain,61,desktop
37,2024-06-05,Germany,20,tablet
38,2022-12-19,Italy,54,mobile
39,2023-06-14,UK,24,desktop
40,2023-01-18,Italy,38,tablet
41,2024-04-01,Spain,26,desktop
42,2024-12-13,UK,56,desktop
43,2022-10-15,France,35,desktop
44,2022-01-08,Italy,21,desktop
45,2023-07-01,Italy,42,mobile
46,2022-09-17,Italy,31,desktop
47,2023-08-18,Spain,26,mobile
48,2022-12-25,France,43,tablet
49,2022-06-15,UK,19,tablet
50,2022-07-24,France,37,tablet
51,2022-10-03,Italy,45,desktop
52,2023-01-12,France,64,desktop
53,2024-05-28,UK,24,tablet
54,2022-10-12,Spain,61,mobile
55,2022-08-15,Spain,25,tablet
56,2023-11-05,UK,64,mobile
57,2022-06-08,UK,52,mobile
58,2024-01-01,Spain,31,tablet
59,2024-06-28,Germany,34,mobile
60,2023-11-08,Germany,53,mobile
61,2024-10-27,Spain,57,tablet
62,2024-03-30,Italy,21,desktop
63,2023-02-24,Spain,19,mobile
64,2023-11-08,Spain,23,mobile
65,2023-12-04,Italy,59,desktop
66,2023-12-10,Germany,21,tablet
67,2022-06-27,Germany,46,desktop
68,2023-03-01,UK,35,tablet
69,2024-03-22,France,43,mobile
70,2022-12-12,France,61,desktop
71,2022-03-25,France,51,desktop
72,2022-11-07,Germany,27,tablet
73,2022-07-06,UK,53,tablet
74,2024-07-27,UK,31,mobile
75,2024-07-19,Germany,48,tablet
76,2022-09-12,France,32,mobile
77,2024-02-05,Italy,25,tablet
78,2024-01-09,Germany,31,tablet
79,2024-12-23,Germany,40,tablet
80,2022-12-19,Italy,57,mobile
81,2024-09-21,Italy,38,tablet
82,2022-11-16,Germany,33,mobile
83,2024-03-17,UK,62,desktop
84,2022-02-19,UK,35,mobile
85,2022-11-18,UK,64,mobile
86,2022-07-20,Germany,41,mobile
87,2022-08-31,Italy,43,mobile
88,2022-05-15,Germany,42,desktop
89,2022-12-02,UK,62,tablet
90,2023-10-21,Italy,58,tablet
91,2023-04-20,Italy,46,desktop
92,2023-01-31,UK,32,desktop
93,2022-06-30,Spain,62,desktop
94,2023-09-22,Germany,18,desktop
95,2023-05-24,UK,42,tablet
96,2022-02-26,Germany,24,mobile
97,2022-11-11,Germany,26,tablet
98,2024-04-28,Germany,41,desktop
99,2023-06-17,Germany,18,desktop
100,2022-01-26,Germany,61,tablet
101,2022-09-08,Germany,25,desktop
102,2023-02-19,UK,41,tablet
103,2022-08-07,Spain,28,desktop
104,2023-04-23,Spain,34,mobile
105,2022-10-11,Spain,25,tablet
106,2022-07-20,France,52,mobile
107,2022-11-13,Germany,52,tablet
108,2022-10-24,Spain,50,tablet
109,2022-11-20,Germany,22,tablet
110,2022-02-18,Spain,59,tablet
111,2023-10-21,France,56,tablet
112,2022-10-07,Spain,58,desktop
113,2023-09-14,Spain,45,mobile
114,2022-11-15,Italy,24,tablet
115,2024-07-04,UK,26,tablet
116,2024-10-04,Italy,25,tablet
117,2023-08-04,Italy,29,mobile
118,2022-01-28,Germany,51,desktop
119,2024-01-29,Germany,50,desktop
120,2023-11-12,France,40,mobile
121,2024-06-30,Germany,41,mobile
122,2022-11-24,Italy,54,tablet
123,2023-11-18,France,52,tablet
124,2023-03-03,Spain,61,mobile
125,2024-09-08,Germany,57,tablet
126,2022-04-22,Spain,39,tablet
127,2024-07-17,France,44,mobile
128,2022-09-24,Spain,52,tablet
129,2024-01-15,Germany,18,mobile
130,2023-01-09,France,52,mobile
131,2024-03-12,UK,54,desktop
132,2023-06-29,Italy,64,mobile
133,2023-10-07,Italy,31,desktop
134,2022-05-01,Italy,20,tablet
135,2024-10-09,France,18,tablet
136,2022-01-07,Spain,22,desktop
137,2024-05-14,Germany,43,desktop
138,2024-09-16,Italy,31,desktop
139,2022-03-26,Spain,56,mobile
140,2024-08-01,Spain,44,desktop
141,2022-05-07,Italy,26,tablet
142,2022-05-07,Spain,32,mobile
143,2024-06-06,France,32,tablet
144,2022-08-02,Italy,43,mobile
145,2023-11-03,UK,59,tablet
146,2022-02-22,France,30,desktop
147,2024-03-20,Spain,49,desktop
148,2024-02-08,UK,56,mobile
149,2024-10-19,France,49,desktop
150,2024-08-12,Germany,21,tablet
151,2024-11-13,France,47,desktop
152,2023-03-08,France,54,mobile
153,2023-02-11,Italy,40,desktop
154,2024-07-02,Germany,56,mobile
155,2023-01-28,Italy,62,mobile
156,2022-12-29,UK,32,tablet
157,2024-09-30,France,60,mobile
158,2022-01-07,Spain,46,tablet
159,2023-07-23,France,53,tablet
160,2023-11-17,France,30,mobile
161,2022-12-30,Spain,49,desktop
162,2024-07-06,Germany,24,tablet
163,2022-06-10,Italy,39,desktop
164,2023-09-18,Italy,45,mobile
165,2023-11-22,UK,19,desktop
166,2023-04-01,Spain,59,tablet
167,2024-08-18,France,62,tablet
168,2023-08-18,Italy,23,tablet
169,2023-07-04,Germany,45,tablet
170,2023-03-24,Italy,45,desktop
171,2024-03-12,UK,61,tablet
172,2022-01-21,Spain,61,mobile
173,2024-08-08,Spain,37,mobile
174,2024-07-31,France,47,desktop
175,2022-07-02,France,28,mobile
176,2024-07-26,Italy,45,mobile
177,2024-02-28,Spain,42,mobile
178,2022-07-14,Spain,56,mobile
179,2023-02-13,France,50,tablet
180,2022-02-28,Italy,18,mobile
181,2022-02-22,Germany,44,mobile
182,2024-06-07,France,30,mobile
183,2023-11-15,Spain,58,desktop
184,2022-06-08,UK,20,tablet
185,2023-10-26,Italy,56,desktop
186,2022-10-12,Germany,23,mobile
187,2024-12-23,Germany,25,desktop
188,2024-05-07,France,44,tablet
189,2023-11-09,UK,26,desktop
190,2022-11-10,Italy,54,mobile
191,2022-07-07,France,50,mobile
192,2024-05-23,Spain,59,mobile
193,2022-08-24,Italy,61,mobile
194,2024-06-10,France,41,tablet
195,2023-05-24,Spain,32,desktop
196,2023-03-04,UK,49,tablet
197,2022-12-19,Germany,49,mobile
198,2024-05-08,Italy,41,desktop
199,2024-03-19,Italy,58,mobile
200,2022-09-17,France,29,desktop
201,2023-11-14,France,56,desktop
202,2023-01-21,UK,19,tablet
203,2023-01-02,Spain,20,mobile
204,2022-07-11,France,54,mobile
205,2024-01-14,UK,34,desktop
206,2024-07-02,Germany,19,mobile
207,2022-08-10,France,19,mobile
208,2022-09-09,Germany,45,tablet
209,2023-09-20,Spain,40,desktop
210,2023-10-08,Italy,54,tablet
211,2023-05-13,Germany,49,mobile
212,2023-10-06,Italy,50,mobile
213,2023-06-13,Spain,18,tablet
214,2022-12-07,France,36,tablet
215,2024-08-06,France,19,desktop
216,2024-04-09,UK,61,tablet
217,2024-10-18,Spain,43,mobile
218,2023-02-21,UK,49,desktop
219,2024-06-15,Spain,23,desktop
220,2024-05-29,France,49,tablet
221,2022-12-27,Germany,21,desktop
222,2023-09-27,UK,28,mobile
223,2023-11-24,Germany,34,mobile
224,2023-09-28,Spain,55,mobile
225,2023-04-30,Germany,41,desktop
226,2024-04-30,Spain,22,desktop
227,2022-03-25,Germany,51,mobile
228,2022-07-26,UK,23,mobile
229,2023-12-11,Germany,39,mobile
230,2022-11-13,France,28,desktop
231,2024-11-14,France,33,mobile
232,2024-12-11,France,50,mobile
233,2023-10-05,Spain,26,mobile
234,2023-03-20,Germany,23,tablet
235,2022-10-21,UK,33,mobile
236,2024-11-29,Germany,46,desktop
237,2022-08-03,Italy,20,tablet
238,2023-04-01,France,37,mobile
239,2024-04-25,UK,53,desktop
240,2024-07-21,Germany,36,tablet
241,2022-04-21,Germany,43,tablet
242,2024-12-09,Italy,20,tablet
243,2023-04-29,UK,36,mobile
244,2022-10-05,Italy,37,mobile
245,2022-05-02,Italy,49,tablet
246,2023-11-22,Germany,24,desktop
247,2023-02-26,France,58,mobile
248,2024-04-29,Germany,50,tablet
249,2023-10-27,Spain,57,tablet
250,2022-04-23,Germany,56,mobile
251,2022-10-01,Germany,35,tablet
252,2024-12-13,UK,57,mobile
253,2023-07-05,Germany,18,tablet
254,2024-01-12,Italy,28,mobile
255,2022-08-11,Germany,45,desktop
256,2023-09-27,France,42,tablet
257,2024-05-29,France,40,desktop
258,2022-01-28,UK,48,desktop
259,2023-07-23,Spain,47,mobile
260,2023-01-20,UK,59,mobile
261,2023-04-21,France,52,tablet
262,2023-06-19,Italy,24,tablet
263,2024-02-03,Spain,33,mobile
264,2022-05-14,UK,43,desktop
265,2023-01-10,Spain,19,mobile
266,2023-08-13,France,18,tablet
267,2023-04-25,Italy,29,mobile
268,2024-01-21,Italy,22,tablet
269,2022-05-26,Spain,54,tablet
270,2023-05-23,UK,49,tablet
271,2023-06-23,Germany,26,mobile
272,2022-12-24,Italy,58,desktop
273,2022-10-15,France,52,desktop
274,2022-05-17,Spain,36,tablet
275,2022-10-20,Italy,33,tablet
276,2024-11-13,Italy,20,tablet
277,2024-01-19,Italy,37,desktop
278,2022-01-27,Spain,41,mobile
279,2023-10-26,Italy,50,tablet
280,2023-05-03,France,41,desktop
281,2024-10-09,Italy,28,mobile
282,2024-01-06,Germany,25,mobile
283,2024-07-23,Germany,53,tablet
284,2023-07-15,Italy,55,tablet
285,2023-11-19,Italy,57,desktop
286,2022-12-18,France,37,mobile
287,2022-09-20,UK,52,desktop
288,2022-10-07,Spain,42,tablet
289,2022-01-25,Italy,52,tablet
290,2022-04-24,Spain,42,tablet
291,2024-06-02,France,46,mobile
292,2024-01-23,UK,35,mobile
293,2022-12-07,France,63,desktop
294,2023-06-18,Italy,35,desktop
295,2024-12-16,Spain,19,tablet
296,2024-04-25,Germany,52,tablet
297,2024-09-24,Spain,33,desktop
298,2022-08-08,Italy,58,tablet
299,2024-02-24,UK,53,tablet
300,2022-04-15,UK,50,tablet
301,2022-09-18,Spain,21,tablet
302,2024-07-09,France,50,mobile
303,2023-07-30,Spain,31,mobile
304,2022-05-07,Germany,38,desktop
305,2022-09-17,Spain,37,mobile
306,2024-03-18,Spain,25,desktop
307,2023-06-25,France,24,tablet
308,2023-05-18,Germany,20,desktop
309,2022-10-20,UK,34,tablet
310,2024-09-25,UK,50,tablet
311,2023-10-14,UK,29,desktop
312,2023-12-29,Spain,39,desktop
313,2024-11-27,UK,39,mobile
314,2022-02-23,Germany,63,tablet
315,2023-10-10,Spain,47,mobile
316,2024-07-13,Spain,55,mobile
317,2022-10-13,Spain,55,tablet
318,2023-08-26,Italy,62,desktop
319,2022-02-18,Germany,25,mobile
320,2023-01-10,Germany,44,mobile
321,2023-01-26,UK,44,tablet
322,2022-01-06,Spain,51,tablet
323,2022-01-30,Italy,38,tablet
324,2024-07-23,Germany,47,desktop
325,2023-04-19,Germany,50,mobile
326,2024-04-04,Italy,45,mobile
327,2022-10-03,Spain,64,mobile
328,2024-09-22,Italy,50,tablet
329,2024-05-22,Italy,22,mobile
330,2023-11-19,Italy,36,mobile
331,2023-01-23,UK,21,desktop
332,2022-01-27,France,52,desktop
333,2024-04-22,Italy,34,tablet
334,2024-10-21,Italy,61,desktop
335,2024-09-08,Germany,45,desktop
336,2024-12-26,France,47,mobile
337,2024-10-29,Italy,46,mobile
338,2022-09-09,Germany,63,mobile
339,2022-06-16,France,23,desktop
340,2023-09-12,France,52,mobile
341,2023-02-25,Spain,58,tablet
342,2022-07-17,France,54,tablet
343,2024-02-05,UK,41,desktop
344,2024-07-23,Germany,46,desktop
345,2023-03-26,France,63,mobile
346,2022-09-03,France,48,desktop
347,2024-12-14,Spain,52,tablet
348,2022-09-07,Italy,50,mobile
349,2022-02-22,Germany,38,mobile
350,2023-09-08,Italy,49,desktop
351,2024-04-03,Italy,40,tablet
352,2023-07-06,France,50,desktop
353,2023-06-27,UK,20,tablet
354,2022-02-14,Spain,35,tablet
355,2022-07-05,UK,42,tablet
356,2022-01-04,Germany,59,mobile
357,2022-07-19,France,48,mobile
358,2022-05-13,UK,20,mobile
359,2023-06-20,Spain,57,mobile
360,2022-07-02,Spain,63,tablet
361,2023-02-04,UK,41,tablet
362,2024-09-02,France,49,mobile
363,2022-05-03,UK,64,desktop
364,2023-11-26,Spain,39,desktop
365,2024-06-13,Italy,40,desktop
366,2023-11-20,UK,19,tablet
367,2023-10-04,Spain,44,tablet
368,2022-08-25,UK,59,desktop
369,2022-07-11,Italy,19,mobile
370,2024-06-18,Italy,43,mobile
371,2023-02-07,UK,34,mobile
372,2022-05-14,Germany,57,mobile
373,2024-04-17,UK,50,mobile
374,2023-07-09,France,26,desktop
375,2023-05-25,UK,60,tablet
376,2023-03-08,UK,56,desktop
377,2023-05-14,France,46,mobile
378,2022-07-16,Germany,59,mobile
379,2024-05-19,Spain,43,desktop
380,2022-11-15,Italy,52,mobile
381,2024-12-28,Italy,42,mobile
382,2022-02-07,UK,41,mobile
383,2022-01-26,France,30,mobile
384,2022-02-11,UK,24,mobile
385,2023-11-08,France,53,desktop
386,2024-03-08,France,62,mobile
387,2024-05-03,France,37,mobile
388,2024-01-03,France,18,desktop
389,2024-03-29,France,25,mobile
390,2023-09-29,Italy,63,desktop
391,2023-03-29,Spain,33,tablet
392,2024-12-27,UK,31,tablet
393,2023-02-28,Spain,29,tablet
394,2023-05-11,France,40,tablet
395,2024-03-15,Italy,32,mobile
396,2023-03-06,UK,45,tablet
397,2023-08-14,Spain,51,tablet
398,2024-02-04,France,19,desktop
399,2024-10-17,Spain,49,desktop
400,2024-09-14,Spain,40,desktop
401,2023-12-25,Germany,39,mobile
402,2024-11-23,UK,42,desktop
403,2023-07-29,UK,39,tablet
404,2023-07-04,Italy,39,tablet
405,2024-05-08,Germany,59,mobile
406,2022-08-11,Spain,23,mobile
407,2023-07-08,Italy,32,tablet
408,2023-10-24,Spain,60,desktop
409,2023-03-01,UK,54,tablet
410,2024-10-22,Spain,50,tablet
411,2022-01-27,France,25,mobile
412,2024-11-04,France,61,mobile
413,2023-04-14,Spain,61,desktop
414,2024-08-28,Italy,22,mobile
415,2024-08-23,Italy,56,tablet
416,2022-10-08,UK,21,mobile
417,2024-11-22,UK,23,desktop
418,2024-04-16,Germany,62,mobile
419,2023-05-31,Spain,49,mobile
420,2023-10-28,France,47,tablet
421,2024-07-31,UK,64,mobile
422,2024-02-09,UK,52,desktop
423,2022-05-06,France,57,mobile
424,2023-08-03,Germany,33,desktop
425,2024-03-08,Spain,30,tablet
426,2022-02-05,UK,59,desktop
427,2022-11-22,Italy,47,desktop
428,2023-12-14,France,36,tablet
429,2024-12-29,Italy,34,tablet
430,2022-05-09,UK,36,mobile
431,2022-08-16,UK,45,tablet
432,2024-08-04,Spain,43,tablet
433,2022-02-11,Spain,54,desktop
434,2022-02-04,France,43,desktop
435,2022-01-08,Spain,40,mobile
436,2024-11-17,UK,26,mobile
437,2024-01-03,Germany,29,mobile
438,2022-09-04,Spain,18,desktop
439,2023-04-08,France,18,mobile
440,2023-04-19,Italy,64,mobile
441,2024-06-01,France,51,desktop
442,2024-07-09,Spain,49,tablet
443,2023-10-20,France,42,mobile
444,2023-08-04,Germany,57,desktop
445,2022-03-02,UK,62,desktop
446,2022-07-29,France,18,tablet
447,2023-03-29,Italy,33,desktop
448,2024-04-15,France,56,desktop
449,2024-10-13,Spain,22,tablet
450,2023-03-21,France,39,desktop
451,2023-12-29,Italy,46,desktop
452,2022-03-24,France,20,desktop
453,2024-04-23,UK,29,tablet
454,2023-06-07,France,43,desktop
455,2022-04-26,Germany,33,desktop
456,2023-06-03,Germany,54,desktop
457,2024-05-06,Italy,39,desktop
458,2023-08-10,Germany,46,mobile
459,2022-09-17,Germany,31,tablet
460,2022-12-31,Spain,45,mobile
461,2022-01-02,Germany,22,mobile
462,2024-10-26,Germany,64,desktop
463,2023-01-28,Germany,47,tablet
464,2024-07-08,UK,63,mobile
465,2023-11-08,Spain,22,tablet
466,2022-05-03,Italy,29,tablet
467,2024-06-13,Germany,33,tablet
468,2022-12-19,Germany,43,desktop
469,2023-10-30,Germany,43,tablet
470,2024-02-25,Germany,38,tablet
471,2022-02-10,Spain,56,mobile
472,2023-05-17,Spain,53,tablet
473,2022-10-28,UK,50,tablet
474,2022-11-24,France,47,mobile
475,2024-05-11,Germany,54,mobile
476,2022-08-05,France,40,desktop
477,2024-10-22,France,27,tablet
478,2023-02-28,UK,22,mobile
479,2024-05-21,Spain,53,desktop
480,2022-01-06,UK,51,tablet
481,2022-02-12,UK,48,tablet
482,2023-06-18,Italy,27,desktop
483,2022-01-27,Italy,36,mobile
484,2022-08-04,Germany,49,tablet
485,2023-04-24,Spain,18,desktop
486,2022-05-12,Germany,22,mobile
487,2024-06-23,Spain,62,tablet
488,2023-05-01,UK,21,desktop
489,2023-10-19,Spain,33,mobile
490,2024-05-21,France,41,desktop
491,2023-02-12,Italy,33,desktop
492,2024-03-19,UK,19,mobile
493,2023-02-02,Germany,45,mobile
494,2022-03-15,Germany,49,tablet
495,2024-09-25,UK,44,tablet
496,2023-04-14,Italy,37,mobile
497,2023-09-20,Spain,41,tablet
498,2024-09-27,Spain,29,desktop
499,2023-04-24,Spain,52,desktop
500,2024-07-19,UK,50,mobile
501,2023-03-27,Italy,50,tablet
502,2023-08-19,UK,60,tablet
503,2022-11-05,Germany,54,tablet
504,2024-08-07,Italy,29,mobile
505,2023-12-08,UK,20,desktop
506,2023-03-30,Germany,18,tablet
507,2023-07-23,Germany,50,tablet
508,2024-08-13,France,57,tablet
509,2023-07-18,Germany,27,desktop
510,2022-07-12,Spain,60,tablet
511,2024-11-01,Spain,61,tablet
512,2022-09-13,Spain,46,tablet
513,2024-09-23,Spain,30,mobile
514,2023-09-11,Spain,29,tablet
515,2022-01-04,Germany,48,mobile
516,2022-02-17,Spain,63,mobile
517,2024-09-11,Germany,19,mobile
518,2022-05-16,UK,52,tablet
519,2022-04-23,Germany,40,tablet
520,2024-06-05,France,34,desktop
521,2024-10-10,UK,43,tablet
522,2023-03-15,UK,25,tablet
523,2024-10-05,Italy,46,tablet
524,2023-11-10,UK,43,tablet
525,2023-10-11,France,27,mobile
526,2023-08-18,France,43,mobile
527,2022-06-29,UK,51,tablet
528,2024-04-22,Spain,58,mobile
529,2024-03-19,Germany,24,tablet
530,2023-04-12,Spain,21,tablet
531,2022-07-10,Germany,62,desktop
532,2024-12-04,UK,28,desktop
533,2024-11-13,UK,46,mobile
534,2022-03-06,UK,53,desktop
535,2024-01-07,Germany,42,desktop
536,2023-10-11,Germany,38,desktop
537,2024-01-29,UK,53,tablet
538,2022-01-17,France,27,desktop
539,2022-05-05,UK,54,mobile
540,2022-10-18,Germany,26,desktop
541,2023-12-04,Italy,41,mobile
542,2022-03-12,Germany,52,desktop
543,2023-04-21,France,52,tablet
544,2022-01-25,Spain,53,desktop
545,2024-04-27,Germany,35,mobile
546,2024-03-03,UK,56,desktop
547,2024-03-22,Germany,49,desktop
548,2024-09-26,France,41,tablet
549,2024-04-08,Italy,40,tablet
550,2022-03-29,Spain,49,tablet
551,2023-05-19,Spain,54,tablet
552,2023-05-19,UK,29,desktop
553,2022-12-06,UK,30,desktop
554,2022-05-23,France,40,mobile
555,2024-09-18,Germany,42,desktop
556,2024-08-28,UK,52,tablet
557,2024-05-26,Germany,58,desktop
558,2023-10-17,Spain,47,mobile
559,2023-03-26,France,34,tablet
560,2024-12-20,Italy,37,mobile
561,2023-11-06,Spain,42,desktop
562,2024-09-19,UK,39,desktop
563,2022-06-10,UK,30,mobile
564,2023-12-06,Italy,36,tablet
565,2023-03-31,Germany,53,mobile
566,2023-01-25,Spain,29,tablet
567,2023-04-04,Spain,58,tablet
568,2022-05-17,Spain,36,tablet
569,2022-06-29,Germany,29,tablet
570,2024-11-18,Germany,26,mobile
571,2023-11-06,Italy,24,desktop
572,2022-04-06,Italy,45,tablet
573,2023-10-19,Italy,31,tablet
574,2022-04-29,Italy,48,desktop
575,2023-03-29,Italy,36,tablet
576,2023-01-07,France,64,mobile
577,2023-07-23,France,33,mobile
578,2022-10-20,Germany,22,desktop
579,2022-02-13,Italy,52,desktop
580,2024-05-31,Italy,29,tablet
581,2024-06-01,France,42,mobile
582,2024-03-20,Germany,38,desktop
583,2022-01-13,France,53,mobile
584,2022-02-22,Spain,40,desktop
585,2023-09-16,Spain,33,tablet
586,2022-06-13,Germany,56,desktop
587,2022-02-24,Germany,62,tablet
588,2024-01-11,France,59,mobile
589,2023-01-13,Spain,56,desktop
590,2024-06-13,Spain,31,desktop
591,2023-11-24,Spain,48,mobile
592,2023-08-13,Spain,22,mobile
593,2022-09-11,Italy,52,mobile
594,2023-06-05,Italy,40,tablet
595,2024-12-13,Italy,46,mobile
596,2022-11-12,UK,60,mobile
597,2022-06-27,Spain,28,tablet
598,2024-05-10,UK,35,desktop
599,2023-07-04,Spain,64,desktop
600,2023-05-11,France,29,tablet
601,2023-04-11,Spain,26,mobile
602,2023-05-31,UK,27,mobile
603,2022-05-04,UK,61,desktop
604,2024-08-03,Germany,34,mobile
605,2022-05-09,Spain,55,mobile
606,2024-01-26,Germany,24,tablet
607,2022-03-05,France,63,desktop
608,2023-10-02,Spain,30,mobile
609,2022-05-17,UK,57,tablet
610,2024-11-06,France,59,desktop
611,2022-09-07,UK,26,desktop
612,2024-08-27,Italy,44,desktop
613,2024-05-11,France,19,mobile
614,2024-12-27,Italy,22,mobile
615,2022-10-16,Germany,46,desktop
616,2024-08-28,Italy,54,tablet
617,2023-01-25,France,55,tablet
618,2022-07-21,Spain,36,desktop
619,2023-02-18,Italy,25,desktop
620,2024-12-02,UK,62,tablet
621,2022-06-04,Italy,18,mobile
622,2024-05-22,Spain,39,tablet
623,2023-11-25,Italy,34,tablet
624,2023-03-04,UK,24,tablet
625,2024-03-06,France,42,mobile
626,2022-11-09,France,62,tablet
627,2024-06-10,Germany,21,tablet
628,2022-01-19,France,53,mobile
629,2023-04-16,Italy,23,mobile
630,2022-09-20,UK,48,desktop
631,2022-06-24,France,36,tablet
632,2024-07-31,France,61,desktop
633,2022-01-07,Germany,56,mobile
634,2024-05-18,France,44,mobile
635,2024-08-23,Germany,27,tablet
636,2023-05-02,Italy,43,tablet
637,2023-04-12,Spain,36,tablet
638,2022-02-09,Italy,56,mobile
639,2022-09-13,Italy,20,mobile
640,2023-04-27,Spain,62,mobile
641,2023-06-28,Germany,30,tablet
642,2024-02-01,UK,45,desktop
643,2024-03-23,Italy,37,mobile
644,2024-10-05,Germany,45,tablet
645,2022-01-04,Italy,25,tablet
646,2023-01-26,Germany,58,tablet
647,2023-02-23,UK,56,tablet
648,2023-05-14,Germany,18,desktop
649,2022-10-28,France,20,mobile
650,2022-12-24,Spain,30,mobile
651,2022-04-12,France,45,desktop
652,2023-09-20,Spain,42,mobile
653,2024-06-23,UK,50,tablet
654,2023-04-10,France,55,tablet
655,2022-12-25,Spain,23,mobile
656,2022-12-26,UK,61,mobile
657,2022-07-26,Italy,62,desktop
658,2024-09-03,France,49,mobile
659,2023-11-28,Italy,62,desktop
660,2022-12-15,Germany,64,desktop
661,2023-02-03,Spain,38,tablet
662,2023-02-12,France,33,tablet
663,2022-01-07,Italy,38,mobile
664,2024-09-23,Spain,28,mobile
665,2024-03-18,UK,54,mobile
666,2022-07-05,Germany,53,tablet
667,2022-08-28,Spain,52,mobile
668,2023-07-08,UK,36,desktop
669,2024-03-15,France,37,desktop
670,2024-10-20,Italy,35,mobile
671,2024-06-06,Germany,64,mobile
672,2022-10-18,Germany,58,tablet
673,2024-04-14,Italy,31,desktop
674,2023-12-04,Italy,32,mobile
675,2023-09-20,Spain,48,mobile
676,2024-06-04,Spain,18,mobile
677,2022-10-26,France,20,mobile
678,2023-10-17,France,33,tablet
679,2022-10-25,France,40,tablet
680,2022-11-02,UK,28,desktop
681,2023-09-12,UK,29,tablet
682,2023-03-07,Italy,27,tablet
683,2024-08-09,Italy,49,desktop
684,2024-11-21,France,33,tablet
685,2023-12-21,Spain,25,desktop
686,2022-01-31,France,55,desktop
687,2023-06-25,Spain,29,desktop
688,2022-09-04,Germany,41,tablet
689,2022-04-18,UK,45,tablet
690,2023-02-08,Italy,25,desktop
691,2023-08-21,Italy,45,mobile
692,2023-03-03,UK,53,mobile
693,2023-01-27,UK,43,desktop
694,2023-12-19,Spain,25,desktop
695,2024-09-11,France,45,tablet
696,2024-06-18,Germany,45,tablet
697,2023-08-25,Germany,54,mobile
698,2022-12-30,Germany,58,mobile
699,2023-04-08,UK,53,tablet
700,2023-06-19,France,44,tablet
701,2022-06-28,Germany,34,tablet
702,2022-01-17,France,26,tablet
703,2024-07-22,UK,50,desktop
704,2024-07-03,UK,37,tablet
705,2024-04-17,UK,30,mobile
706,2023-05-09,France,45,tablet
707,2022-05-24,Spain,46,mobile
708,2022-12-20,Germany,30,tablet
709,2023-04-01,Spain,63,mobile
710,2024-08-21,France,52,tablet
711,2023-10-11,UK,23,tablet
712,2022-10-26,UK,35,mobile
713,2024-05-10,UK,22,desktop
714,2022-07-22,Italy,64,desktop
715,2024-02-17,Germany,42,mobile
716,2024-04-24,Germany,19,mobile
717,2022-07-25,Italy,27,desktop
718,2024-10-05,Spain,47,desktop
719,2022-12-20,Italy,62,desktop
720,2022-07-19,UK,22,tablet
721,2022-06-09,Spain,50,tablet
722,2023-02-09,France,18,desktop
723,2023-02-28,France,35,mobile
724,2023-01-07,Italy,49,mobile
725,2022-06-30,Spain,64,mobile
726,2024-09-18,France,28,desktop
727,2023-04-17,Germany,38,desktop
728,2022-06-01,France,43,mobile
729,2024-02-21,UK,42,desktop
730,2022-07-09,UK,39,tablet
731,2024-12-10,UK,44,desktop
732,2022-06-09,Spain,30,desktop
733,2022-09-15,Italy,50,tablet
734,2022-07-22,UK,51,desktop
735,2023-07-30,Spain,58,desktop
736,2024-08-26,Germany,52,desktop
737,2023-02-14,Italy,18,tablet
738,2023-10-04,Italy,38,desktop
739,2024-05-19,UK,23,desktop
740,2024-05-16,UK,45,mobile
741,2022-02-03,Italy,34,desktop
742,2024-01-26,Italy,22,desktop
743,2024-05-11,UK,48,mobile
744,2022-09-18,Spain,22,mobile
745,2024-01-23,France,55,desktop
746,2024-03-17,France,20,desktop
747,2024-08-18,Spain,40,mobile
748,2024-10-22,Italy,54,tablet
749,2023-02-17,Spain,54,tablet
750,2023-03-14,Italy,27,desktop
751,2022-05-18,UK,27,mobile
752,2024-03-05,Spain,36,mobile
753,2022-10-12,UK,34,mobile
754,2022-01-26,Italy,38,tablet
755,2022-09-02,Germany,31,tablet
756,2023-07-16,France,26,mobile
757,2022-08-14,France,63,desktop
758,2024-09-07,Germany,18,desktop
759,2022-01-16,UK,62,mobile
760,2023-10-19,Germany,30,mobile
761,2023-11-04,UK,21,mobile
762,2022-11-26,UK,18,mobile
763,2024-01-27,Spain,57,mobile
764,2022-04-08,Italy,49,mobile
765,2023-01-15,UK,51,desktop
766,2024-03-27,UK,45,mobile
767,2024-01-14,Germany,48,mobile
768,2024-12-29,UK,25,desktop
769,2022-04-23,France,56,desktop
770,2022-05-14,France,43,mobile
771,2023-05-03,Spain,51,tablet
772,2023-12-27,France,20,desktop
773,2024-03-13,France,29,tablet
774,2024-03-25,UK,18,mobile
775,2022-12-10,UK,61,desktop
776,2023-10-01,Germany,22,desktop
777,2022-04-17,France,47,mobile
778,2023-09-10,Germany,47,desktop
779,2023-07-08,Spain,34,desktop
780,2022-07-10,Spain,64,tablet
781,2022-03-18,Italy,40,tablet
782,2023-07-27,Germany,32,tablet
783,2023-12-31,UK,54,desktop
784,2024-03-13,UK,38,desktop
785,2023-07-15,Italy,31,mobile
786,2024-06-26,Germany,19,mobile
787,2022-11-26,Germany,28,tablet
788,2022-08-30,Germany,56,tablet
789,2024-09-24,Italy,55,desktop
790,2024-09-09,France,51,tablet
791,2024-08-03,Germany,55,desktop
792,2022-06-21,Germany,51,tablet
793,2024-08-03,UK,35,mobile
794,2023-11-28,Spain,47,tablet
795,2022-01-18,Germany,32,mobile
796,2022-06-21,Italy,44,tablet
797,2023-03-17,Spain,51,desktop
798,2023-05-26,Germany,55,tablet
799,2022-12-13,Italy,50,tablet
800,2024-10-10,Italy,41,mobile
801,2023-03-06,France,32,desktop
802,2022-06-06,Spain,47,tablet
803,2022-09-08,France,59,tablet
804,2024-01-22,UK,34,mobile
805,2023-04-29,Germany,22,tablet
806,2023-05-31,Germany,46,mobile
807,2022-05-10,Germany,21,mobile
808,2024-10-08,Italy,27,mobile
809,2024-11-14,UK,34,mobile
810,2023-05-05,Italy,27,tablet
811,2022-10-28,Italy,34,tablet
812,2022-02-04,Spain,37,desktop
813,2022-10-05,Italy,41,mobile
814,2022-03-07,UK,22,tablet
815,2023-01-20,Spain,51,desktop
816,2022-05-12,Germany,23,desktop
817,2022-07-09,France,19,mobile
818,2023-08-15,Germany,30,desktop
819,2024-06-05,Spain,60,tablet
820,2024-06-09,Spain,60,desktop
821,2024-04-14,Italy,28,tablet
822,2023-12-11,France,64,mobile
823,2023-05-02,Spain,40,mobile
824,2022-02-12,UK,33,tablet
825,2023-11-08,Italy,48,tablet
826,2022-07-04,UK,28,mobile
827,2024-02-20,Spain,33,tablet
828,2024-03-20,Germany,25,mobile
829,2024-02-19,Italy,21,mobile
830,2022-12-22,Spain,57,desktop
831,2024-10-06,UK,21,desktop
832,2024-12-27,Italy,42,desktop
833,2023-03-29,UK,20,mobile
834,2023-01-11,UK,49,desktop
835,2024-04-07,Spain,20,tablet
836,2022-04-18,UK,44,mobile
837,2022-10-19,Germany,46,mobile
838,2024-07-06,Spain,49,desktop
839,2024-05-07,Spain,36,desktop
840,2022-12-29,Germany,38,tablet
841,2022-08-18,France,22,desktop
842,2024-12-01,Italy,35,mobile
843,2024-07-19,Spain,45,mobile
844,2024-12-04,Germany,59,desktop
845,2022-05-06,Spain,39,mobile
846,2022-06-06,France,38,desktop
847,2023-04-29,Germany,23,mobile
848,2024-01-28,UK,18,desktop
849,2024-09-10,Spain,22,desktop
850,2024-08-10,France,58,desktop
851,2024-05-02,Spain,29,desktop
852,2023-01-07,France,43,mobile
853,2022-09-08,Italy,63,tablet
854,2024-04-23,Spain,51,mobile
855,2023-06-09,Italy,31,desktop
856,2023-05-06,France,43,tablet
857,2022-04-08,France,62,desktop
858,2022-04-27,Germany,44,mobile
859,2024-10-12,France,26,tablet
860,2024-07-06,France,43,mobile
861,2023-05-22,Germany,64,mobile
862,2024-05-09,Spain,39,desktop
863,2024-02-04,Spain,64,mobile
864,2022-12-07,UK,47,desktop
865,2023-12-07,France,60,mobile
866,2024-01-25,Spain,34,tablet
867,2024-08-16,UK,43,mobile
868,2024-11-11,UK,53,tablet
869,2022-01-29,Germany,18,tablet
870,2024-04-24,Germany,25,desktop
871,2023-02-23,UK,52,desktop
872,2022-12-10,Germany,32,tablet
873,2022-03-08,UK,64,desktop
874,2023-10-22,Italy,39,desktop
875,2022-07-07,Italy,31,tablet
876,2024-01-12,UK,43,mobile
877,2024-09-20,France,45,mobile
878,2024-01-15,France,40,tablet
879,2022-09-24,Germany,31,tablet
880,2023-12-12,Italy,41,tablet
881,2024-06-21,France,19,desktop
882,2023-08-26,Italy,62,mobile
883,2022-06-10,UK,43,desktop
884,2022-05-22,France,31,tablet
885,2024-01-16,UK,24,desktop
886,2022-05-12,Spain,20,mobile
887,2023-04-21,UK,64,mobile
888,2023-12-09,Germany,40,mobile
889,2023-09-16,Spain,63,mobile
890,2024-02-25,Italy,60,tablet
891,2023-01-01,UK,64,desktop
892,2023-01-07,France,62,desktop
893,2022-04-08,France,35,tablet
894,2022-03-09,Spain,55,desktop
895,2023-06-12,France,52,desktop
896,2024-07-06,Spain,32,tablet
897,2024-03-13,Spain,42,tablet
898,2024-05-07,France,54,desktop
899,2024-12-23,UK,45,tablet
900,2023-02-03,France,27,mobile
901,2023-10-14,Germany,56,tablet
902,2022-06-14,Germany,34,mobile
903,2023-09-21,Spain,56,desktop
904,2024-02-25,Germany,39,mobile
905,2024-11-16,France,43,desktop
906,2024-03-10,Spain,61,desktop
907,2023-12-18,Spain,42,desktop
908,2024-03-12,France,34,desktop
909,2022-12-03,UK,30,mobile
910,2024-02-27,UK,37,desktop
911,2024-07-25,Italy,42,mobile
912,2022-04-10,France,21,tablet
913,2022-06-05,Italy,27,tablet
914,2022-12-02,Italy,20,desktop
915,2024-10-05,France,58,mobile
916,2023-03-20,Spain,62,mobile
917,2022-12-23,Germany,35,desktop
918,2022-03-26,France,64,tablet
919,2023-02-06,Germany,53,tablet
920,2024-04-28,Italy,64,desktop
921,2022-04-12,Italy,39,tablet
922,2023-07-30,France,51,desktop
923,2023-04-22,Italy,64,desktop
924,2022-10-27,UK,25,tablet
925,2022-11-08,Germany,57,desktop
926,2023-09-02,UK,61,desktop
927,2023-02-06,UK,36,mobile
928,2023-08-15,Italy,59,desktop
929,2024-10-08,Spain,58,mobile
930,2024-02-13,France,54,mobile
931,2024-07-14,France,23,desktop
932,2023-10-29,Italy,43,tablet
933,2023-11-12,France,51,desktop
934,2023-08-22,France,62,tablet
935,2023-09-06,Germany,23,desktop
936,2024-05-16,Italy,54,desktop
937,2024-07-20,UK,50,mobile
938,2023-09-27,Spain,39,tablet
939,2024-08-30,Germany,38,tablet
940,2024-09-14,Spain,23,desktop
941,2022-02-04,UK,23,tablet
942,2024-11-12,Germany,21,mobile
943,2024-10-05,Spain,47,tablet
944,2022-10-02,UK,28,tablet
945,2023-09-29,UK,47,desktop
946,2022-04-07,Germany,48,desktop
947,2023-01-09,Spain,41,desktop
948,2023-09-03,UK,26,mobile
949,2022-06-11,Spain,20,tablet
950,2024-11-10,France,48,tablet
951,2023-05-05,Italy,57,mobile
952,2024-06-06,Spain,54,desktop
953,2024-04-24,UK,53,tablet
954,2022-10-16,Germany,41,mobile
955,2023-09-02,UK,48,desktop
956,2022-07-06,Germany,23,mobile
957,2024-07-05,UK,19,mobile
958,2024-08-06,France,37,tablet
959,2022-06-18,Germany,45,tablet
960,2022-04-02,Italy,28,desktop
961,2022-04-26,France,21,tablet
962,2022-05-14,Spain,32,tablet
963,2023-07-08,Spain,23,tablet
964,2023-03-15,Spain,47,tablet
965,2022-09-05,Germany,55,mobile
966,2024-12-24,Italy,19,mobile
967,2022-03-02,Italy,32,tablet
968,2022-02-11,Spain,28,mobile
969,2022-08-04,Germany,25,desktop
970,2023-08-15,Spain,43,mobile
971,2022-02-16,UK,62,mobile
972,2024-11-13,UK,61,mobile
973,2024-08-08,UK,22,tablet
974,2023-12-20,France,23,mobile
975,2022-01-01,Spain,43,desktop
976,2024-11-05,Germany,21,mobile
977,2022-09-18,Spain,36,tablet
978,2024-01-12,UK,37,tablet
979,2023-04-10,Spain,50,mobile
980,2023-12-19,Spain,37,mobile
981,2022-11-20,Spain,29,desktop
982,2023-05-24,Spain,64,desktop
983,2022-07-12,Germany,18,mobile
984,2024-01-17,UK,43,tablet
985,2023-09-28,Germany,31,mobile
986,2023-05-01,Spain,55,desktop
987,2024-03-29,UK,54,mobile
988,2023-06-08,France,28,mobile
989,2022-08-01,Italy,53,desktop
990,2022-09-23,France,30,tablet
991,2023-03-09,France,60,mobile
992,2023-02-21,Germany,20,desktop
993,2024-01-01,Germany,50,desktop
994,2024-04-05,Germany,23,tablet
995,2023-10-19,Spain,27,desktop
996,2024-02-19,France,22,mobile
997,2023-08-26,Spain,40,mobile
998,2023-12-20,France,27,desktop
999,2022-12-13,Spain,61,tablet
1000,2024-05-26,Italy,19,desktop
1001,2023-08-22,Spain,30,desktop
1002,2024-07-24,UK,57,desktop
1003,2024-01-15,France,19,desktop
1004,2024-03-28,Spain,37,tablet
1005,2022-03-09,Spain,18,tablet
1006,2024-04-27,France,54,desktop
1007,2022-11-12,Germany,26,mobile
1008,2024-04-29,Germany,34,mobile
1009,2023-06-16,Germany,26,desktop
1010,2024-05-26,Italy,28,mobile
1011,2024-08-16,France,32,tablet
1012,2024-12-31,Spain,41,tablet
1013,2024-04-04,France,55,desktop
1014,2024-12-08,Germany,52,tablet
1015,2023-09-19,UK,47,desktop
1016,2023-04-10,France,48,mobile
1017,2024-08-31,France,22,desktop
1018,2022-09-09,Spain,61,desktop
1019,2023-07-05,UK,31,tablet
1020,2022-05-07,UK,28,desktop
1021,2023-07-01,Spain,26,desktop
1022,2022-03-05,Germany,51,desktop
1023,2023-09-23,Spain,29,tablet
1024,2024-02-29,Italy,52,tablet
1025,2024-10-27,Italy,52,tablet
1026,2023-06-23,Germany,18,tablet
1027,2023-10-12,Spain,57,tablet
1028,2023-03-01,Spain,39,desktop
1029,2023-10-07,Italy,46,mobile
1030,2023-08-03,France,25,tablet
1031,2024-12-16,Germany,28,desktop
1032,2023-02-27,Spain,58,tablet
1033,2022-11-23,Spain,54,mobile
1034,2024-03-26,Spain,31,tablet
1035,2023-10-06,Italy,47,tablet
1036,2024-08-10,UK,52,mobile
1037,2024-08-10,France,38,desktop
1038,2024-12-03,Italy,54,mobile
1039,2022-01-04,Germany,22,mobile
1040,2023-04-25,Italy,36,desktop
1041,2023-08-14,UK,31,tablet
1042,2022-04-17,Germany,43,desktop
1043,2023-08-15,France,21,desktop
1044,2024-11-19,France,42,mobile
1045,2024-03-24,Italy,62,tablet
1046,2023-12-19,Germany,59,mobile
1047,2024-12-16,Germany,42,tablet
1048,2022-11-09,France,35,tablet
1049,2023-08-14,Germany,57,tablet
1050,2022-02-15,Italy,25,tablet
1051,2023-07-09,Italy,56,tablet
1052,2024-08-07,Germany,57,tablet
1053,2022-10-01,Spain,31,desktop
1054,2023-04-26,Spain,49,mobile
1055,2024-10-04,Germany,55,tablet
1056,2023-02-18,UK,50,mobile
1057,2024-03-09,Italy,40,desktop
1058,2024-08-17,Germany,32,mobile
1059,2022-07-19,Italy,50,tablet
1060,2022-09-14,Germany,42,tablet
1061,2022-11-01,Germany,34,tablet
1062,2024-11-30,UK,50,tablet
1063,2023-02-24,UK,64,tablet
1064,2024-09-03,Italy,19,desktop
1065,2022-10-09,Italy,31,desktop
1066,2022-06-25,Italy,57,tablet
1067,2022-02-25,UK,57,mobile
1068,2022-11-12,UK,56,tablet
1069,2023-10-29,Germany,23,mobile
1070,2023-01-18,Germany,23,desktop
1071,2023-11-19,UK,20,tablet
1072,2023-06-15,UK,24,mobile
1073,2024-12-04,UK,25,tablet
1074,2024-12-30,France,59,desktop
1075,2023-08-07,Italy,32,tablet
1076,2022-08-13,Germany,64,desktop
1077,2023-12-03,Spain,46,desktop
1078,2022-06-30,France,50,desktop
1079,2024-10-23,France,47,desktop
1080,2024-09-19,Germany,56,mobile
1081,2022-02-22,UK,44,desktop
1082,2022-12-05,France,53,tablet
1083,2023-05-27,Spain,46,tablet
1084,2024-06-07,Spain,55,mobile
1085,2023-03-25,Italy,50,tablet
1086,2023-02-17,Spain,54,mobile
1087,2023-05-22,Spain,44,desktop
1088,2024-11-25,France,50,tablet
1089,2022-03-16,Italy,21,tablet
1090,2023-06-23,Italy,39,tablet
1091,2022-05-22,Germany,19,mobile
1092,2024-05-16,Italy,27,desktop
1093,2024-02-04,Spain,22,mobile
1094,2022-10-18,Spain,27,desktop
1095,2023-03-04,Germany,50,mobile
1096,2023-12-18,Spain,55,desktop
1097,2022-02-22,Germany,30,tablet
1098,2022-01-17,Italy,48,tablet
1099,2024-02-19,Spain,64,mobile
1100,2023-10-17,Italy,53,tablet
1101,2022-12-25,Germany,62,tablet
1102,2023-06-03,France,41,mobile
1103,2022-05-20,Spain,32,desktop
1104,2024-07-21,Spain,46,desktop
1105,2022-09-20,Spain,25,mobile
1106,2022-02-11,UK,22,desktop
1107,2022-08-05,Italy,46,mobile
1108,2022-12-23,UK,64,tablet
1109,2023-02-11,Germany,21,desktop
1110,2022-05-23,UK,29,mobile
1111,2023-11-11,Spain,62,tablet
1112,2023-03-02,UK,19,tablet
1113,2024-03-07,Germany,44,desktop
1114,2024-02-07,Italy,48,desktop
1115,2023-08-01,Spain,53,mobile
1116,2023-09-08,France,53,tablet
1117,2023-01-10,France,43,mobile
1118,2024-11-30,Spain,60,desktop
1119,2022-04-24,UK,44,desktop
1120,2024-04-21,Germany,22,tablet
1121,2022-02-21,France,37,tablet
1122,2024-07-11,France,28,desktop
1123,2024-12-09,Spain,27,tablet
1124,2022-03-24,Italy,57,desktop
1125,2024-06-30,France,55,tablet
1126,2023-05-08,Germany,23,desktop
1127,2024-11-15,France,25,mobile
1128,2023-01-03,France,40,tablet
1129,2022-05-08,Germany,64,mobile
1130,2022-02-22,France,43,mobile
1131,2022-07-27,Italy,63,tablet
1132,2022-01-06,Germany,60,desktop
1133,2022-01-12,Spain,29,mobile
1134,2023-06-30,Germany,43,tablet
1135,2024-07-06,UK,30,mobile
1136,2022-11-16,France,57,mobile
1137,2024-10-28,France,35,tablet
1138,2023-12-21,France,42,mobile
1139,2024-11-27,Germany,50,mobile
1140,2024-03-07,UK,64,mobile
1141,2022-07-26,Germany,57,desktop
1142,2022-01-25,UK,60,desktop
1143,2023-04-29,UK,29,tablet
1144,2024-12-07,Germany,61,mobile
1145,2023-07-15,France,53,mobile
1146,2023-12-10,Italy,21,desktop
1147,2022-02-27,UK,22,desktop
1148,2022-07-27,France,54,desktop
1149,2024-12-25,France,25,tablet
1150,2022-03-13,Spain,59,tablet
1151,2022-09-12,France,45,tablet
1152,2024-06-15,UK,48,tablet
1153,2023-08-05,UK,26,mobile
1154,2024-07-22,Germany,46,mobile
1155,2022-08-18,France,31,desktop
1156,2023-05-27,UK,57,desktop
1157,2022-12-17,France,58,desktop
1158,2024-08-05,Spain,39,tablet
1159,2023-10-29,Spain,28,tablet
1160,2024-07-19,Spain,40,mobile
1161,2023-01-08,Spain,18,mobile
1162,2022-04-17,France,63,desktop
1163,2024-03-13,Italy,54,tablet
1164,2022-03-25,UK,38,tablet
1165,2024-12-09,Italy,43,desktop
1166,2023-05-26,France,63,mobile
1167,2022-10-16,UK,53,tablet
1168,2023-06-28,UK,40,mobile
1169,2024-09-08,Spain,18,desktop
1170,2024-10-26,Italy,57,mobile
1171,2022-11-13,UK,32,mobile
1172,2022-12-04,Spain,38,desktop
1173,2023-11-10,France,64,desktop
1174,2022-11-05,Italy,26,tablet
1175,2023-11-13,Spain,26,desktop
1176,2022-06-05,Spain,27,tablet
1177,2024-06-24,UK,43,desktop
1178,2023-11-27,France,58,desktop
1179,2022-06-01,UK,52,desktop
1180,2022-02-28,Italy,42,tablet
1181,2023-10-01,Germany,43,mobile
1182,2024-11-27,France,28,desktop
1183,2023-02-17,Germany,55,tablet
1184,2022-03-25,Germany,19,tablet
1185,2024-07-11,Italy,24,tablet
1186,2022-07-31,France,35,mobile
1187,2023-10-13,UK,44,desktop
1188,2024-12-26,France,51,desktop
1189,2023-02-24,Spain,44,desktop
1190,2022-01-11,UK,34,tablet
1191,2023-09-12,UK,60,mobile
1192,2022-04-11,Spain,61,desktop
1193,2024-08-04,UK,41,desktop
1194,2023-03-17,France,42,desktop
1195,2024-07-11,Italy,24,desktop
1196,2022-02-11,UK,23,desktop
1197,2022-07-17,Germany,41,mobile
1198,2023-11-04,Spain,50,mobile
1199,2023-05-06,France,46,mobile
1200,2023-02-19,UK,60,desktop
1201,2024-08-15,UK,39,tablet
1202,2024-08-21,Italy,43,mobile
1203,2024-03-28,Germany,45,mobile
1204,2023-11-25,France,38,mobile
1205,2024-11-22,France,24,desktop
1206,2023-07-29,France,34,mobile
1207,2022-09-13,France,37,tablet
1208,2022-12-28,Spain,58,desktop
1209,2024-07-08,France,37,desktop
1210,2023-11-22,UK,39,mobile
1211,2023-08-31,Germany,45,tablet
1212,2023-05-13,Germany,57,mobile
1213,2023-08-20,Germany,24,mobile
1214,2024-09-03,Italy,18,tablet
1215,2023-07-15,UK,49,desktop
1216,2024-01-01,Germany,30,desktop
1217,2024-08-19,France,47,desktop
1218,2024-07-12,Germany,40,desktop
1219,2023-02-04,UK,36,mobile
1220,2023-06-15,Italy,49,mobile
1221,2024-02-10,UK,47,mobile
1222,2023-09-06,France,46,tablet
1223,2022-04-13,Germany,62,desktop
1224,2022-04-21,Germany,46,desktop
1225,2022-01-14,France,47,tablet
1226,2022-06-09,Italy,33,tablet
1227,2023-07-18,Spain,57,desktop
1228,2022-11-03,UK,36,mobile
1229,2024-05-08,France,35,desktop
1230,2022-11-23,Spain,18,tablet
1231,2023-04-02,Germany,31,tablet
1232,2023-02-05,Italy,64,desktop
1233,2024-10-02,Italy,19,mobile
1234,2022-04-09,UK,45,desktop
1235,2022-10-17,Germany,47,tablet
1236,2023-04-27,UK,55,desktop
1237,2024-03-25,Spain,21,tablet
1238,2023-12-25,France,18,tablet
1239,2024-12-17,Italy,25,desktop
1240,2023-12-17,France,46,tablet
1241,2023-02-06,France,56,desktop
1242,2023-04-01,Germany,20,desktop
1243,2022-12-26,Germany,49,mobile
1244,2024-04-18,Spain,27,tablet
1245,2022-07-07,Italy,27,tablet
1246,2024-03-22,UK,36,desktop
1247,2024-10-25,Germany,63,tablet
1248,2024-04-12,Italy,51,mobile
1249,2022-12-10,France,50,mobile
1250,2024-08-28,Germany,40,desktop
1251,2022-11-01,UK,45,mobile
1252,2024-04-22,Spain,49,desktop
1253,2023-03-30,UK,24,desktop
1254,2023-05-21,France,46,mobile
1255,2023-11-13,France,25,mobile
1256,2024-03-25,Spain,18,desktop
1257,2022-02-14,Germany,20,mobile
1258,2024-07-11,Germany,41,desktop
1259,2022-10-07,UK,40,tablet
1260,2024-10-03,Italy,25,desktop
1261,2022-10-10,UK,64,mobile
1262,2022-06-21,Germany,54,desktop
1263,2024-12-07,Spain,20,tablet
1264,2024-08-27,UK,50,tablet
1265,2022-10-19,France,45,desktop
1266,2022-04-20,UK,64,mobile
1267,2022-03-11,Germany,25,mobile
1268,2023-02-21,Italy,51,tablet
1269,2024-07-19,France,52,tablet
1270,2022-09-09,Italy,49,mobile
1271,2022-10-19,Spain,41,tablet
1272,2022-08-09,UK,31,mobile
1273,2024-12-04,France,49,mobile
1274,2022-08-19,Italy,63,tablet
1275,2024-10-20,UK,60,tablet
1276,2024-05-21,Spain,33,desktop
1277,2023-03-04,Spain,21,mobile
1278,2022-11-24,UK,54,mobile
1279,2023-12-08,France,38,tablet
1280,2024-10-11,Italy,31,tablet
1281,2023-12-18,Germany,48,tablet
1282,2022-09-15,Italy,35,desktop
1283,2023-10-22,Spain,24,desktop
1284,2022-03-14,Germany,27,tablet
1285,2023-11-21,France,24,desktop
1286,2024-10-01,Germany,50,desktop
1287,2023-11-06,Germany,40,mobile
1288,2024-08-11,France,38,desktop
1289,2023-07-30,France,36,mobile
1290,2022-08-07,Italy,36,tablet
1291,2023-08-07,France,53,tablet
1292,2024-06-19,Germany,46,tablet
1293,2022-12-25,Italy,35,mobile
1294,2023-09-16,UK,19,desktop
1295,2023-12-26,UK,18,mobile
1296,2022-08-16,Spain,64,desktop
1297,2023-01-05,France,22,tablet
1298,2022-12-26,Italy,37,mobile
1299,2023-08-20,Germany,28,desktop
1300,2023-05-30,France,59,mobile
1301,2024-11-01,UK,19,mobile
1302,2024-01-01,Italy,20,tablet
1303,2023-08-02,UK,40,tablet
1304,2022-11-05,Spain,29,tablet
1305,2023-04-25,Spain,37,desktop
1306,2024-09-25,Germany,22,mobile
1307,2023-07-26,Germany,54,desktop
1308,2024-05-27,Germany,55,desktop
1309,2024-10-21,Spain,47,tablet
1310,2023-04-12,Spain,26,desktop
1311,2023-05-12,Germany,51,desktop
1312,2024-05-16,Spain,61,mobile
1313,2022-12-14,France,52,mobile
1314,2022-12-30,UK,39,tablet
1315,2022-03-20,Spain,61,desktop
1316,2024-02-02,UK,41,tablet
1317,2023-11-18,UK,34,desktop
1318,2024-06-03,Italy,27,mobile
1319,2022-12-15,Spain,47,tablet
1320,2023-06-11,France,63,desktop
1321,2023-12-13,Italy,40,tablet
1322,2023-06-22,Germany,49,mobile
1323,2023-09-20,UK,34,mobile
1324,2023-03-13,Spain,34,tablet
1325,2022-05-15,Germany,31,desktop
1326,2024-01-13,France,26,tablet
1327,2022-10-09,Germany,57,tablet
1328,2024-01-13,France,19,tablet
1329,2023-07-16,Spain,62,mobile
1330,2023-02-06,UK,42,tablet
1331,2022-06-28,UK,56,tablet
1332,2024-05-10,Spain,26,mobile
1333,2024-11-20,Germany,39,mobile
1334,2023-04-02,France,60,tablet
1335,2022-12-21,Germany,63,tablet
1336,2024-07-30,Italy,21,desktop
1337,2023-02-20,UK,43,desktop
1338,2023-10-18,France,46,mobile
1339,2022-10-03,Spain,62,mobile
1340,2022-10-23,France,51,tablet
1341,2023-10-27,Spain,40,desktop
1342,2024-10-27,Spain,54,desktop
1343,2022-05-29,Spain,28,mobile
1344,2023-02-07,Spain,23,tablet
1345,2023-07-10,Spain,35,tablet
1346,2022-03-02,France,38,desktop
1347,2023-05-06,Spain,59,mobile
1348,2023-07-26,UK,53,mobile
1349,2023-05-28,Spain,58,mobile
1350,2022-06-17,France,55,mobile
1351,2023-03-01,France,51,mobile
1352,2024-05-01,Germany,34,tablet
1353,2024-02-07,UK,54,mobile
1354,2022-06-17,Spain,42,mobile
1355,2024-10-14,Spain,55,tablet
1356,2023-10-04,Spain,29,mobile
1357,2023-11-20,Germany,40,tablet
1358,2024-10-01,Italy,59,tablet
1359,2024-12-30,UK,39,mobile
1360,2022-02-14,Germany,38,desktop
1361,2024-12-05,Germany,44,mobile
1362,2023-11-26,Germany,48,tablet
1363,2024-07-02,Italy,23,mobile
1364,2024-01-24,Spain,44,mobile
1365,2022-12-03,Germany,57,desktop
1366,2022-06-21,France,51,mobile
1367,2022-05-09,Spain,29,tablet
1368,2023-05-14,Italy,62,desktop
1369,2024-03-18,France,24,mobile
1370,2023-06-10,France,27,desktop
1371,2022-05-01,Italy,62,mobile
1372,2023-06-06,Italy,34,mobile
1373,2024-09-30,France,43,mobile
1374,2023-12-29,Italy,38,tablet
1375,2023-12-27,Spain,45,tablet
1376,2024-04-12,Spain,63,mobile
1377,2023-11-23,Italy,19,tablet
1378,2024-09-29,Italy,60,desktop
1379,2023-06-28,Spain,18,mobile
1380,2024-09-03,Italy,53,desktop
1381,2024-01-11,Spain,43,tablet
1382,2024-03-17,Spain,46,desktop
1383,2022-05-21,France,38,tablet
1384,2023-04-18,Germany,28,desktop
1385,2023-02-03,Spain,57,tablet
1386,2022-03-16,France,28,mobile
1387,2024-07-02,Spain,53,tablet
1388,2023-10-17,Spain,56,tablet
1389,2024-02-15,France,57,tablet
1390,2022-07-08,Spain,52,desktop
1391,2024-03-17,Germany,51,mobile
1392,2022-06-02,Spain,64,desktop
1393,2022-02-26,Spain,41,tablet
1394,2023-12-21,Spain,39,desktop
1395,2022-06-08,Spain,22,tablet
1396,2023-11-06,UK,50,tablet
1397,2024-06-10,UK,53,desktop
1398,2022-09-18,UK,64,mobile
1399,2023-09-26,Germany,37,tablet
1400,2022-08-08,Germany,36,desktop
1401,2022-12-03,Germany,52,desktop
1402,2023-09-27,Germany,60,desktop
1403,2024-07-31,Germany,34,tablet
1404,2022-07-14,UK,62,tablet
1405,2024-05-27,Spain,60,desktop
1406,2024-04-17,UK,51,tablet
1407,2022-07-13,Germany,26,tablet
1408,2022-08-19,Spain,43,desktop
1409,2024-04-23,Germany,19,desktop
1410,2024-01-14,Spain,26,mobile
1411,2024-09-05,France,26,mobile
1412,2024-04-26,Germany,57,tablet
1413,2022-12-17,Italy,34,tablet
1414,2024-11-01,Spain,18,desktop
1415,2022-08-14,Italy,42,mobile
1416,2022-09-14,Germany,60,tablet
1417,2024-01-25,Italy,57,desktop
1418,2024-07-02,UK,59,mobile
1419,2023-11-27,Spain,42,desktop
1420,2023-05-05,France,56,tablet
1421,2023-01-04,France,52,tablet
1422,2024-08-03,France,20,mobile
1423,2022-04-18,Germany,54,desktop
1424,2022-02-24,Spain,61,mobile
1425,2023-11-26,UK,61,tablet
1426,2022-08-13,France,47,desktop
1427,2023-10-19,UK,55,mobile
1428,2022-02-18,UK,51,desktop
1429,2022-01-27,Spain,29,desktop
1430,2024-01-14,Italy,36,tablet
1431,2024-10-08,Spain,54,tablet
1432,2023-07-30,Germany,61,mobile
1433,2022-08-17,France,34,desktop
1434,2023-11-08,UK,27,tablet
1435,2024-02-14,France,64,desktop
1436,2023-07-02,UK,29,desktop
1437,2023-11-19,France,33,mobile
1438,2022-03-17,Germany,41,tablet
1439,2022-11-12,Italy,36,tablet
1440,2022-12-24,UK,25,desktop
1441,2022-02-09,Italy,48,mobile
1442,2024-02-13,France,38,tablet
1443,2024-11-04,Germany,34,mobile
1444,2023-06-30,Germany,40,desktop
1445,2023-03-08,France,54,desktop
1446,2023-04-12,UK,33,mobile
1447,2022-01-22,UK,23,desktop
1448,2024-01-05,Spain,25,tablet
1449,2022-09-17,France,42,tablet
1450,2024-06-13,France,35,tablet
1451,2023-04-19,Spain,42,mobile
1452,2023-04-02,Spain,29,mobile
1453,2024-12-04,Italy,32,desktop
1454,2024-05-01,Spain,43,tablet
1455,2023-10-09,UK,58,tablet
1456,2022-06-14,UK,62,mobile
1457,2024-03-25,Italy,43,tablet
1458,2024-01-13,France,64,desktop
1459,2023-11-27,UK,49,tablet
1460,2024-01-29,France,27,mobile
1461,2024-04-02,UK,33,mobile
1462,2023-05-28,Italy,24,desktop
1463,2023-06-03,Spain,34,tablet
1464,2022-07-13,France,40,tablet
1465,2024-05-21,Italy,43,tablet
1466,2024-06-12,UK,38,tablet
1467,2022-01-13,France,39,mobile
1468,2024-02-22,Italy,24,desktop
1469,2022-06-04,Spain,31,desktop
1470,2022-04-26,France,32,mobile
1471,2022-12-05,Italy,24,tablet
1472,2023-01-25,Germany,26,desktop
1473,2024-06-21,Italy,25,tablet
1474,2023-04-27,UK,40,tablet
1475,2023-11-27,Italy,46,mobile
1476,2023-03-15,Spain,35,desktop
1477,2023-12-12,Germany,48,mobile
1478,2022-02-21,Italy,47,mobile
1479,2023-05-18,France,56,desktop
1480,2023-09-24,Germany,52,mobile
1481,2024-07-13,Italy,35,desktop
1482,2022-09-26,Spain,59,tablet
1483,2022-07-31,France,56,tablet
1484,2024-06-24,Germany,34,desktop
1485,2022-07-16,UK,31,desktop
1486,2023-01-25,Spain,48,desktop
1487,2022-10-26,Spain,41,tablet
1488,2024-02-23,Germany,52,mobile
1489,2024-11-14,UK,61,tablet
1490,2023-10-23,Spain,62,tablet
1491,2024-01-10,Germany,51,mobile
1492,2024-08-18,France,20,tablet
1493,2024-08-31,Italy,54,mobile
1494,2023-01-06,UK,60,desktop
1495,2022-09-18,Germany,57,tablet
1496,2024-08-18,Spain,43,mobile
1497,2024-02-01,France,40,mobile
1498,2022-08-31,Germany,61,desktop
1499,2024-05-21,Spain,56,desktop
1500,2023-04-16,Italy,32,desktop
